Custo Mínimo,Metodo,Tempo
401.0124567987239,GLPK,0.0089744
401.01245666545736,PI,0.7639197
