Custo Mínimo,Metodo,Tempo
293.60807640524934,GLPK,0.0130973
293.60807617814226,PI,0.7312922
