Custo Mínimo,Metodo,Tempo
280.1529690745414,GLPK,0.00894
280.15296855727036,PI,0.7227332
